<?xml version="1.0" encoding="UTF-8"?>
<template type="5">
<data type="quiz">
<item>
<text>&lt;n&gt;Como se chama a personagem principal do filme Frozen?&lt;/n&gt;</text>
<required>1</required>
<item>
<text>&lt;n&gt;Maria&lt;/n&gt;</text>
<item>
<text>&lt;n&gt;false&lt;/n&gt;</text>
</item>
</item>
<item>
<text>&lt;n&gt;Anna&lt;/n&gt;</text>
<item>
<text>&lt;n&gt;false&lt;/n&gt;</text>
</item>
</item>
<item>
<text>&lt;n&gt; Elsa&lt;/n&gt;</text>
<item>
<text>&lt;n&gt;true&lt;/n&gt;</text>
</item>
</item>
<item>
<text>&lt;n&gt;Bruna&lt;/n&gt;</text>
<item>
<text>&lt;n&gt;false&lt;/n&gt;</text>
</item>
</item>
</item>
<item>
<text>&lt;n&gt;o que &#233; feito o omelete?&lt;/n&gt;</text>
<required>1</required>
<item>
<text>&lt;n&gt;de ovo&lt;/n&gt;</text>
<item>
<text>&lt;n&gt;true&lt;/n&gt;</text>
</item>
</item>
<item>
<text>&lt;n&gt; de batatas&lt;/n&gt;</text>
<item>
<text>&lt;n&gt;false&lt;/n&gt;</text>
</item>
</item>
<item>
<text>&lt;n&gt; de leite condensado&lt;/n&gt;</text>
<item>
<text>&lt;n&gt;false&lt;/n&gt;</text>
</item>
</item>
<item>
<text>&lt;n&gt; de manteiga&lt;/n&gt;</text>
<item>
<text>&lt;n&gt;false&lt;/n&gt;</text>
</item>
</item>
</item>
<item>
<text>&lt;n&gt;O que &#233; a&#231;a&#237;?&lt;/n&gt;</text>
<required>1</required>
<item>
<text>&lt;n&gt;Um sorvete&lt;/n&gt;</text>
<item>
<text>&lt;n&gt;false&lt;/n&gt;</text>
</item>
</item>
<item>
<text>&lt;n&gt; uma fruta&lt;/n&gt;</text>
<item>
<text>&lt;n&gt;true&lt;/n&gt;</text>
</item>
</item>
<item>
<text>&lt;n&gt;uma borboleta&lt;/n&gt;</text>
<item>
<text>&lt;n&gt;false&lt;/n&gt;</text>
</item>
</item>
<item>
<text>&lt;n&gt; um estado brasileiro&lt;/n&gt;</text>
<item>
<text>&lt;n&gt;false&lt;/n&gt;</text>
</item>
</item>
</item>
<item>
<text>&lt;n&gt;Em qual pa&#237;s foi lan&#231;ado o primeiro parque da Disney?&lt;/n&gt;</text>
<required>1</required>
<item>
<text>&lt;n&gt;Inglaterra&lt;/n&gt;</text>
<item>
<text>&lt;n&gt;false&lt;/n&gt;</text>
</item>
</item>
<item>
<text>&lt;n&gt;Estados Unidos&lt;/n&gt;</text>
<item>
<text>&lt;n&gt;true&lt;/n&gt;</text>
</item>
</item>
<item>
<text>&lt;n&gt;Fran&#231;a&lt;/n&gt;</text>
<item>
<text>&lt;n&gt;false&lt;/n&gt;</text>
</item>
</item>
<item>
<text>&lt;n&gt; Jap&#227;o&lt;/n&gt;</text>
<item>
<text>&lt;n&gt;false&lt;/n&gt;</text>
</item>
</item>
</item>
<item>
<text>&lt;n&gt;Qual a esta&#231;&#227;o mais quente do ano?&lt;/n&gt;</text>
<required>1</required>
<item>
<text>&lt;n&gt;Primavera&lt;/n&gt;</text>
<item>
<text>&lt;n&gt;false&lt;/n&gt;</text>
</item>
</item>
<item>
<text>&lt;n&gt;Ver&#227;o&lt;/n&gt;</text>
<item>
<text>&lt;n&gt;true&lt;/n&gt;</text>
</item>
</item>
<item>
<text>&lt;n&gt;Outono&lt;/n&gt;</text>
<item>
<text>&lt;n&gt;false&lt;/n&gt;</text>
</item>
</item>
<item>
<text>&lt;n&gt;Inverno&lt;/n&gt;</text>
<item>
<text>&lt;n&gt;false&lt;/n&gt;</text>
</item>
</item>
</item>
<item>
<text>&lt;n&gt;O que a Cinderela perdeu quando saiu do baile?&lt;/n&gt;</text>
<required>1</required>
<item>
<text>&lt;n&gt;um brinco&lt;/n&gt;</text>
<item>
<text>&lt;n&gt;false&lt;/n&gt;</text>
</item>
</item>
<item>
<text>&lt;n&gt;um sapatinho de cristal&lt;/n&gt;</text>
<item>
<text>&lt;n&gt;true&lt;/n&gt;</text>
</item>
</item>
<item>
<text>&lt;n&gt;uma bolsa&lt;/n&gt;</text>
<item>
<text>&lt;n&gt;false&lt;/n&gt;</text>
</item>
</item>
<item>
<text>&lt;n&gt;um celular&lt;/n&gt;</text>
<item>
<text>&lt;n&gt;false&lt;/n&gt;</text>
</item>
</item>
</item>
<item>
<text>&lt;n&gt;Qual &#233; o animal que &#233; considerado o rei da selva?&lt;/n&gt;</text>
<required>1</required>
<item>
<text>&lt;n&gt;Elefante&lt;/n&gt;</text>
<item>
<text>&lt;n&gt;false&lt;/n&gt;</text>
</item>
</item>
<item>
<text>&lt;n&gt; Hipop&#243;tamo&lt;/n&gt;</text>
<item>
<text>&lt;n&gt;false&lt;/n&gt;</text>
</item>
</item>
<item>
<text>&lt;n&gt;Le&#227;o&lt;/n&gt;</text>
<item>
<text>&lt;n&gt;true&lt;/n&gt;</text>
</item>
</item>
<item>
<text>&lt;n&gt; Lobo&lt;/n&gt;</text>
<item>
<text>&lt;n&gt;false&lt;/n&gt;</text>
</item>
</item>
</item>
<item>
<text>&lt;n&gt;Quantos an&#245;es fazem parte da hist&#243;ria da Branca de Neve?&lt;/n&gt;</text>
<required>1</required>
<item>
<text>&lt;n&gt;5&lt;/n&gt;</text>
<item>
<text>&lt;n&gt;false&lt;/n&gt;</text>
</item>
</item>
<item>
<text>&lt;n&gt;7&lt;/n&gt;</text>
<item>
<text>&lt;n&gt;true&lt;/n&gt;</text>
</item>
</item>
<item>
<text>&lt;n&gt; 9&lt;/n&gt;</text>
<item>
<text>&lt;n&gt;false&lt;/n&gt;</text>
</item>
</item>
<item>
<text>&lt;n&gt; 12&lt;/n&gt;</text>
<item>
<text>&lt;n&gt;false&lt;/n&gt;</text>
</item>
</item>
</item>
<item>
<text>&lt;n&gt;De acordo com os contos, qual &#233; o animal que quando beijado pode se transformar em um pr&#237;ncipe?&lt;/n&gt;</text>
<required>1</required>
<item>
<text>&lt;n&gt;sapo&lt;/n&gt;</text>
<item>
<text>&lt;n&gt;true&lt;/n&gt;</text>
</item>
</item>
<item>
<text>&lt;n&gt;cavalo&lt;/n&gt;</text>
<item>
<text>&lt;n&gt;false&lt;/n&gt;</text>
</item>
</item>
<item>
<text>&lt;n&gt;porco&lt;/n&gt;</text>
<item>
<text>&lt;n&gt;false&lt;/n&gt;</text>
</item>
</item>
<item>
<text>&lt;n&gt;lobo&lt;/n&gt;</text>
<item>
<text>&lt;n&gt;false&lt;/n&gt;</text>
</item>
</item>
</item>
<item>
<text>&lt;n&gt;Quanto anos tem um s&#233;culo?&lt;/n&gt;</text>
<required>1</required>
<item>
<text>&lt;n&gt;50&lt;/n&gt;</text>
<item>
<text>&lt;n&gt;false&lt;/n&gt;</text>
</item>
</item>
<item>
<text>&lt;n&gt;100&lt;/n&gt;</text>
<item>
<text>&lt;n&gt;true&lt;/n&gt;</text>
</item>
</item>
<item>
<text>&lt;n&gt;1000&lt;/n&gt;</text>
<item>
<text>&lt;n&gt;false&lt;/n&gt;</text>
</item>
</item>
<item>
<text>&lt;n&gt;1500&lt;/n&gt;</text>
<item>
<text>&lt;n&gt;false&lt;/n&gt;</text>
</item>
</item>
</item>
</data>
</template>

